ID;Data;Status;Pagamento;Dispositivo;Produtos;SubTotal;Descontos;Frete;Valor
6023;08/07/2018 18:32;APROVADO CRÉDITO;MOIP Boleto;Desktop;4;R$ 179,60;R$ 0,00;R$ 25,72;R$ 205,32
6022;08/07/2018 09:52;DESPACHADO;MOIP CC 4x;Mobile;4;R$ 307,60;R$ 0,00;R$ 64,75;R$ 372,35
6021;07/07/2018 18:47;APROVADO CRÉDITO;MOIP Boleto;Mobile;2;R$ 159,80;R$ 0,00;R$ 47,38;R$ 207,18
6020;06/07/2018 21:39;DESPACHADO;MOIP Boleto;Mobile;1;R$ 69,90;R$ 0,00;R$ 19,11;R$ 89,01
6019;06/07/2018 12:22;DESPACHADO;MOIP CC 1x;Desktop;1;R$ 79,90;R$ 0,00;R$ 16,92;R$ 96,82
6018;06/07/2018 12:09;APROVADO CRÉDITO;MOIP CC 6x;Mobile;2;R$ 119,80;R$ 0,00;R$ 18,79;R$ 138,59
6014;06/07/2018 08:49;APROVADO CRÉDITO;MOIP Boleto;Desktop;1;R$ 39,90;R$ 0,00;R$ 24,47;R$ 64,37
6013;06/07/2018 08:13;DESPACHADO;MOIP Boleto;Mobile;1;R$ 69,90;R$ 0,00;R$ 21,00;R$ 90,90
6012;05/07/2018 22:48;ENTREGUE;MOIP CC 5x;Mobile;5;R$ 359,50;R$ 0,00;R$ 67,03;R$ 426,53
6009;05/07/2018 16:57;ENTREGUE;MOIP Boleto;Desktop;1;R$ 69,90;R$ 0,00;R$ 13,15;R$ 83,05
6007;05/07/2018 15:34;APROVADO CRÉDITO;MOIP Boleto;Mobile;1;R$ 69,90;R$ 0,00;R$ 18,79;R$ 88,69
6005;05/07/2018 11:39;DESPACHADO;MOIP CC 2x;Desktop;2;R$ 89,80;R$ 0,00;R$ 30,08;R$ 119,88
6003;04/07/2018 23:21;ENTREGUE;MOIP CC 5x;Desktop;3;R$ 239,70;R$ 0,00;R$ 24,47;R$ 264,17
6002;04/07/2018 20:47;ENTREGUE;MOIP CC 4x;Mobile;2;R$ 159,80;R$ 0,00;R$ 21,00;R$ 180,80
6001;04/07/2018 19:40;DESPACHADO;MOIP CC 3x;Mobile;1;R$ 87,90;R$ 0,00;R$ 20,82;R$ 108,72
6000;04/07/2018 15:46;ENTREGUE;MOIP Boleto;Mobile;1;R$ 69,90;R$ 0,00;R$ 18,79;R$ 88,69
5999;04/07/2018 15:28;DESPACHADO;MOIP Boleto;Desktop;1;R$ 39,90;R$ 0,00;R$ 30,08;R$ 69,98
5997;04/07/2018 12:48;DESPACHADO;MOIP Boleto;Desktop;2;R$ 109,80;R$ 0,00;R$ 38,23;R$ 148,03
5996;04/07/2018 11:40;ENTREGUE;MOIP CC 3x;Desktop;1;R$ 69,90;R$ 0,00;R$ 16,92;R$ 86,82
5995;04/07/2018 08:36;ENTREGUE;MOIP Boleto;Desktop;4;R$ 249,60;R$ 0,00;R$ 21,00;R$ 270,60
5994;04/07/2018 07:57;ENTREGUE;MOIP Boleto;Desktop;1;R$ 69,90;R$ 0,00;R$ 23,21;R$ 93,11
5993;03/07/2018 19:46;ENTREGUE;MOIP CC 2x;Mobile;1;R$ 69,90;R$ 0,00;R$ 30,08;R$ 99,98
5992;03/07/2018 12:20;DESPACHADO;MOIP Boleto;Desktop;2;R$ 149,80;R$ 0,00;R$ 16,92;R$ 166,72
5991;03/07/2018 06:38;DESPACHADO;MOIP Boleto;Mobile;2;R$ 69,80;R$ 0,00;R$ 23,21;R$ 93,01
5990;02/07/2018 15:25;ENTREGUE;MOIP CC 1x;Desktop;2;R$ 149,80;R$ 0,00;R$ 16,92;R$ 166,72
5988;30/06/2018 15:55;ENTREGUE;MOIP CC 1x;Desktop;2;R$ 149,80;R$ 0,00;R$ 21,00;R$ 170,80
5987;30/06/2018 10:39;DESPACHADO;MOIP Boleto;Mobile;2;R$ 139,80;R$ 0,00;R$ 35,93;R$ 175,73
5986;30/06/2018 09:13;ENTREGUE;MOIP CC 6x;Desktop;2;R$ 114,80;R$ 0,00;R$ 25,72;R$ 140,52
5985;30/06/2018 08:46;ENTREGUE;MOIP Boleto;Mobile;3;R$ 219,70;R$ 0,00;R$ 21,00;R$ 240,70
5984;29/06/2018 22:41;ENTREGUE;MOIP CC 1x;Desktop;1;R$ 69,90;R$ 0,00;R$ 18,79;R$ 88,69
5983;29/06/2018 21:24;ENTREGUE;MOIP CC 1x;Mobile;2;R$ 109,80;R$ 0,00;R$ 21,00;R$ 130,80
5979;29/06/2018 14:23;ENTREGUE;MOIP CC 3x;Mobile;1;R$ 39,90;R$ 0,00;R$ 21,00;R$ 60,90
5978;29/06/2018 11:18;ENTREGUE;MOIP CC 2x;Desktop;1;R$ 69,90;R$ 0,00;R$ 21,00;R$ 90,90
5977;29/06/2018 10:40;ENTREGUE;MOIP CC 1x;Desktop;2;R$ 157,80;R$ 0,00;R$ 30,08;R$ 187,88
5976;29/06/2018 10:23;ENTREGUE;MOIP Boleto;Mobile;3;R$ 229,70;R$ 0,00;R$ 23,21;R$ 252,91
5975;29/06/2018 09:13;ENTREGUE;MOIP CC 4x;Mobile;3;R$ 139,70;R$ 0,00;R$ 18,79;R$ 158,49
5974;29/06/2018 07:51;ENTREGUE;MOIP CC 3x;Desktop;3;R$ 229,70;R$ 0,00;R$ 23,21;R$ 252,91
5973;28/06/2018 22:17;ENTREGUE;MOIP Boleto;Mobile;1;R$ 69,90;R$ 0,00;R$ 18,79;R$ 88,69
5971;28/06/2018 20:42;ENTREGUE;MOIP CC 2x;Mobile;2;R$ 159,80;R$ 0,00;R$ 18,79;R$ 178,59
5968;28/06/2018 20:24;ENTREGUE;MOIP CC 4x;Mobile;2;R$ 159,80;R$ 0,00;R$ 47,38;R$ 207,18
5964;28/06/2018 19:00;ENTREGUE;MOIP CC 2x;Mobile;3;R$ 239,70;R$ 11,99;R$ 18,79;R$ 246,51
5963;28/06/2018 18:11;ENTREGUE;MOIP CC 1x;Mobile;1;R$ 79,90;R$ 0,00;R$ 24,47;R$ 104,37
5962;28/06/2018 17:45;DESPACHADO;MOIP Boleto;Mobile;1;R$ 69,90;R$ 0,00;R$ 23,21;R$ 93,11
5961;27/06/2018 20:37;ENTREGUE;MOIP CC 3x;Desktop;2;R$ 149,80;R$ 0,00;R$ 21,00;R$ 170,80
5960;27/06/2018 02:17;DESPACHADO;MOIP CC 2x;Desktop;1;R$ 69,90;R$ 0,00;R$ 10,46;R$ 80,36
5959;26/06/2018 19:55;ENTREGUE;MOIP Boleto;Desktop;2;R$ 159,80;R$ 0,00;R$ 30,08;R$ 189,88
5958;26/06/2018 18:48;ENTREGUE;MOIP CC 6x;Mobile;2;R$ 139,80;R$ 0,00;R$ 16,33;R$ 156,13
5957;26/06/2018 10:53;APROVADO CRÉDITO;MOIP Boleto;Desktop;1;R$ 79,90;R$ 79,90;R$ 0,00;R$ 0,00
5956;25/06/2018 18:53;DESPACHADO;MOIP CC 3x;Mobile;3;R$ 129,70;R$ 0,00;R$ 13,15;R$ 142,85
5955;25/06/2018 18:51;ENTREGUE;MOIP Boleto;Mobile;1;R$ 79,90;R$ 0,00;R$ 23,21;R$ 103,11
5953;25/06/2018 10:18;ENTREGUE;MOIP Boleto;Mobile;4;R$ 269,60;R$ 0,00;R$ 47,15;R$ 316,75
5952;25/06/2018 09:44;ENTREGUE;MOIP CC 5x;Desktop;1;R$ 79,90;R$ 0,00;R$ 24,47;R$ 104,37
5951;25/06/2018 09:14;ENTREGUE;MOIP Boleto;Desktop;2;R$ 149,80;R$ 0,00;R$ 18,79;R$ 168,59
5950;24/06/2018 14:09;ENTREGUE;MOIP Boleto;Mobile;6;R$ 409,40;R$ 0,00;R$ 19,11;R$ 428,51
5949;24/06/2018 12:25;ENTREGUE;MOIP CC 5x;Mobile;1;R$ 69,90;R$ 0,00;R$ 13,15;R$ 83,05
5948;24/06/2018 08:20;ENTREGUE;MOIP CC 2x;Desktop;2;R$ 159,80;R$ 0,00;R$ 18,79;R$ 178,59
5946;22/06/2018 20:24;ENTREGUE;MOIP Boleto;Mobile;4;R$ 319,60;R$ 0,00;R$ 23,21;R$ 342,81
5944;22/06/2018 12:40;ENTREGUE;MOIP CC 6x;Mobile;3;R$ 149,70;R$ 0,00;R$ 13,15;R$ 162,85
5942;21/06/2018 14:41;ENTREGUE;MOIP CC 2x;Desktop;2;R$ 109,80;R$ 0,00;R$ 16,33;R$ 126,13
5941;21/06/2018 13:23;ENTREGUE;MOIP Boleto;Desktop;3;R$ 209,70;R$ 0,00;R$ 42,75;R$ 252,45
5940;21/06/2018 10:00;ENTREGUE;MOIP Boleto;Mobile;1;R$ 69,90;R$ 0,00;R$ 34,77;R$ 104,67
5939;21/06/2018 09:43;ENTREGUE;MOIP CC 5x;Desktop;2;R$ 149,80;R$ 0,00;R$ 16,92;R$ 166,72
5938;20/06/2018 19:23;ENTREGUE;MOIP CC 3x;Mobile;1;R$ 69,90;R$ 0,00;R$ 23,21;R$ 93,11
5937;20/06/2018 18:15;ENTREGUE;MOIP CC 2x;Mobile;1;R$ 79,90;R$ 0,00;R$ 18,79;R$ 98,69
5936;20/06/2018 14:48;ENTREGUE;MOIP Boleto;Mobile;1;R$ 69,90;R$ 0,00;R$ 18,79;R$ 88,69
5934;20/06/2018 12:08;ENTREGUE;MOIP CC 4x;Mobile;1;R$ 79,90;R$ 0,00;R$ 16,92;R$ 96,82
5933;20/06/2018 10:14;ENTREGUE;MOIP CC 6x;Desktop;2;R$ 139,80;R$ 6,99;R$ 19,11;R$ 151,92
5929;19/06/2018 15:06;ENTREGUE;MOIP Boleto;Desktop;2;R$ 39,80;R$ 0,00;R$ 18,79;R$ 58,59
5928;19/06/2018 15:03;ENTREGUE;MOIP CC 2x;Mobile;4;R$ 299,60;R$ 0,00;R$ 42,75;R$ 342,35
5927;19/06/2018 14:59;ENTREGUE;MOIP Boleto;Desktop;1;R$ 79,90;R$ 0,00;R$ 18,79;R$ 98,69
5924;19/06/2018 11:16;DESPACHADO;MOIP CC 1x;Mobile;1;R$ 49,90;R$ 0,00;R$ 10,46;R$ 60,36
5923;19/06/2018 09:57;ENTREGUE;MOIP CC 1x;Desktop;2;R$ 159,80;R$ 0,00;R$ 38,23;R$ 198,03
5922;18/06/2018 20:10;ENTREGUE;MOIP CC 3x;Desktop;2;R$ 139,80;R$ 0,00;R$ 18,79;R$ 158,59
5921;18/06/2018 12:57;DESPACHADO;MOIP Boleto;Desktop;4;R$ 259,60;R$ 0,00;R$ 18,79;R$ 278,39
5919;18/06/2018 09:06;ENTREGUE;MOIP Boleto;Desktop;6;R$ 389,40;R$ 0,00;R$ 32,55;R$ 421,95
5918;17/06/2018 18:47;ENTREGUE;MOIP CC 4x;Mobile;2;R$ 149,80;R$ 0,00;R$ 18,79;R$ 168,59
5917;16/06/2018 19:19;ENTREGUE;MOIP CC 3x;Mobile;4;R$ 204,60;R$ 0,00;R$ 34,77;R$ 239,37
5916;16/06/2018 18:43;ENTREGUE;MOIP Boleto;Mobile;1;R$ 79,90;R$ 0,00;R$ 13,15;R$ 93,05
5915;16/06/2018 11:27;ENTREGUE;MOIP CC 5x;Mobile;1;R$ 39,90;R$ 0,00;R$ 18,79;R$ 58,69
5913;15/06/2018 17:49;ENTREGUE;MOIP CC 6x;Mobile;2;R$ 109,80;R$ 0,00;R$ 0,00;R$ 109,80
5912;15/06/2018 11:11;ENTREGUE;MOIP CC 2x;Desktop;2;R$ 167,80;R$ 0,00;R$ 19,44;R$ 187,24
5910;14/06/2018 21:10;ENTREGUE;MOIP CC 2x;Mobile;1;R$ 79,90;R$ 0,00;R$ 0,00;R$ 79,90
5909;14/06/2018 19:22;ENTREGUE;MOIP CC 2x;Mobile;4;R$ 189,60;R$ 0,00;R$ 0,00;R$ 189,60
5907;14/06/2018 08:15;ENTREGUE;MOIP Boleto;Mobile;2;R$ 167,80;R$ 0,00;R$ 26,37;R$ 194,17
5905;13/06/2018 19:32;ENTREGUE;MOIP Boleto;Desktop;2;R$ 159,80;R$ 0,00;R$ 0,00;R$ 159,80
5904;13/06/2018 10:43;ENTREGUE;MOIP CC 1x;Mobile;2;R$ 139,80;R$ 0,00;R$ 0,00;R$ 139,80
5903;13/06/2018 09:17;ENTREGUE;MOIP CC 1x;Mobile;4;R$ 289,60;R$ 0,00;R$ 30,08;R$ 319,68
5902;12/06/2018 16:38;ENTREGUE;MOIP CC 3x;Mobile;1;R$ 69,90;R$ 0,00;R$ 0,00;R$ 69,90
5901;12/06/2018 16:34;ENTREGUE;MOIP Boleto;Mobile;1;R$ 79,90;R$ 0,00;R$ 13,15;R$ 93,05
5900;12/06/2018 08:58;DESPACHADO;MOIP CC 2x;Mobile;1;R$ 79,90;R$ 0,00;R$ 10,46;R$ 90,36
5899;11/06/2018 20:43;ENTREGUE;MOIP CC 6x;Mobile;4;R$ 229,60;R$ 0,00;R$ 25,15;R$ 254,75
5898;11/06/2018 20:23;ENTREGUE;MOIP Boleto;Mobile;1;R$ 69,90;R$ 0,00;R$ 0,00;R$ 69,90
5897;11/06/2018 19:26;ENTREGUE;MOIP CC 2x;Mobile;1;R$ 69,90;R$ 0,00;R$ 0,00;R$ 69,90
5896;11/06/2018 13:18;ENTREGUE;MOIP Boleto;Desktop;1;R$ 39,90;R$ 0,00;R$ 0,00;R$ 39,90
5894;11/06/2018 10:38;ENTREGUE;MOIP CC 6x;Desktop;2;R$ 159,80;R$ 0,00;R$ 0,00;R$ 159,80
5893;11/06/2018 10:38;ENTREGUE;MOIP CC 4x;Desktop;1;R$ 69,90;R$ 3,50;R$ 0,00;R$ 66,41
5892;11/06/2018 08:41;ENTREGUE;MOIP CC 6x;Mobile;4;R$ 299,60;R$ 0,00;R$ 26,37;R$ 325,97
5891;11/06/2018 08:21;ENTREGUE;MOIP CC 6x;Desktop;1;R$ 79,90;R$ 0,00;R$ 0,00;R$ 79,90
5890;10/06/2018 21:29;ENTREGUE;MOIP CC 1x;Mobile;1;R$ 69,90;R$ 0,00;R$ 16,33;R$ 86,23
5889;10/06/2018 21:10;ENTREGUE;MOIP Boleto;Mobile;1;R$ 39,90;R$ 0,00;R$ 0,00;R$ 39,90
5888;10/06/2018 19:41;ENTREGUE;MOIP CC 3x;Desktop;1;R$ 79,90;R$ 0,00;R$ 0,00;R$ 79,90
5885;10/06/2018 19:19;ENTREGUE;MOIP CC 3x;Mobile;2;R$ 109,80;R$ 0,00;R$ 16,92;R$ 126,72
5884;10/06/2018 18:48;ENTREGUE;MOIP Boleto;Mobile;1;R$ 79,90;R$ 0,00;R$ 13,15;R$ 93,05
5883;10/06/2018 18:10;ENTREGUE;MOIP CC 6x;Mobile;1;R$ 69,90;R$ 0,00;R$ 0,00;R$ 69,90
5882;10/06/2018 13:35;ENTREGUE;MOIP CC 6x;Desktop;2;R$ 139,80;R$ 0,00;R$ 30,08;R$ 169,88
5881;10/06/2018 12:13;ENTREGUE;MOIP CC 4x;Desktop;6;R$ 369,40;R$ 0,00;R$ 26,99;R$ 396,39
5880;10/06/2018 09:38;ENTREGUE;MOIP CC 5x;Mobile;1;R$ 79,90;R$ 0,00;R$ 24,47;R$ 104,37
5879;10/06/2018 09:25;ENTREGUE;MOIP CC 3x;Mobile;1;R$ 39,90;R$ 0,00;R$ 24,47;R$ 64,37
5878;10/06/2018 00:05;ENTREGUE;MOIP CC 6x;Desktop;1;R$ 79,90;R$ 0,00;R$ 30,08;R$ 109,98
5877;09/06/2018 22:42;ENTREGUE;MOIP CC 3x;Mobile;2;R$ 139,80;R$ 0,00;R$ 16,92;R$ 156,72
5876;09/06/2018 19:42;ENTREGUE;MOIP Boleto;Desktop;1;R$ 69,90;R$ 0,00;R$ 0,00;R$ 69,90
5875;09/06/2018 18:50;ENTREGUE;MOIP CC 2x;Mobile;3;R$ 199,70;R$ 0,00;R$ 30,08;R$ 229,78
5874;09/06/2018 17:31;ENTREGUE;MOIP CC 1x;Mobile;1;R$ 87,90;R$ 0,00;R$ 0,00;R$ 87,90
5873;09/06/2018 12:37;ENTREGUE;MOIP CC 1x;Mobile;2;R$ 149,80;R$ 0,00;R$ 0,00;R$ 149,80
5871;08/06/2018 15:42;ENTREGUE;MOIP CC 3x;Desktop;1;R$ 69,90;R$ 0,00;R$ 29,22;R$ 99,12
5870;08/06/2018 14:09;ENTREGUE;MOIP CC 1x;Mobile;1;R$ 69,90;R$ 0,00;R$ 18,79;R$ 88,69
5868;07/06/2018 14:35;ENTREGUE;MOIP CC 3x;Desktop;1;R$ 79,90;R$ 0,00;R$ 23,21;R$ 103,11
5865;07/06/2018 11:54;ENTREGUE;MOIP Boleto;Desktop;1;R$ 34,90;R$ 0,00;R$ 30,08;R$ 64,98
5864;07/06/2018 10:19;ENTREGUE;MOIP CC 1x;Desktop;2;R$ 149,80;R$ 0,00;R$ 24,47;R$ 174,27
5861;07/06/2018 07:01;ENTREGUE;MOIP CC 3x;Mobile;4;R$ 319,60;R$ 0,00;R$ 55,84;R$ 375,44
5857;06/06/2018 22:50;ENTREGUE;MOIP CC 6x;Desktop;1;R$ 79,90;R$ 0,00;R$ 18,79;R$ 98,69
5856;06/06/2018 21:56;ENTREGUE;MOIP CC 2x;Mobile;3;R$ 209,70;R$ 0,00;R$ 39,46;R$ 249,16
5855;06/06/2018 21:53;ENTREGUE;MOIP CC 6x;Mobile;3;R$ 149,70;R$ 0,00;R$ 30,08;R$ 179,78
5853;06/06/2018 13:34;DESPACHADO;MOIP Boleto;Mobile;2;R$ 149,80;R$ 0,00;R$ 38,23;R$ 188,03
5851;05/06/2018 18:12;ENTREGUE;MOIP CC 1x;Desktop;1;R$ 79,90;R$ 0,00;R$ 30,08;R$ 109,98
5850;05/06/2018 17:54;ENTREGUE;MOIP CC 3x;Desktop;3;R$ 247,70;R$ 0,00;R$ 16,92;R$ 264,62
5849;05/06/2018 16:39;ENTREGUE;MOIP CC 5x;Mobile;2;R$ 149,80;R$ 0,00;R$ 38,23;R$ 188,03
5848;04/06/2018 23:25;ENTREGUE;MOIP CC 2x;Desktop;1;R$ 87,90;R$ 0,00;R$ 23,21;R$ 111,11
5847;04/06/2018 21:52;ENTREGUE;MOIP Boleto;Mobile;1;R$ 79,90;R$ 0,00;R$ 18,79;R$ 98,69
5846;04/06/2018 17:38;ENTREGUE;MOIP Boleto;Desktop;5;R$ 219,50;R$ 0,00;R$ 23,21;R$ 242,71
5844;04/06/2018 14:48;ENTREGUE;MOIP CC 2x;Desktop;4;R$ 269,60;R$ 0,00;R$ 20,27;R$ 289,87
5843;04/06/2018 10:45;ENTREGUE;MOIP CC 6x;Mobile;1;R$ 39,90;R$ 0,00;R$ 23,21;R$ 63,11
5842;04/06/2018 08:00;ENTREGUE;MOIP Boleto;Mobile;2;R$ 99,80;R$ 0,00;R$ 64,75;R$ 164,55
5841;04/06/2018 06:59;ENTREGUE;MOIP CC 2x;Desktop;1;R$ 79,90;R$ 0,00;R$ 23,21;R$ 103,11
5840;03/06/2018 21:51;ENTREGUE;MOIP CC 1x;Desktop;2;R$ 149,80;R$ 0,00;R$ 21,00;R$ 170,80
5839;03/06/2018 18:50;ENTREGUE;MOIP CC 6x;Mobile;4;R$ 287,60;R$ 0,00;R$ 23,21;R$ 310,81
5838;02/06/2018 15:14;ENTREGUE;MOIP Boleto;Mobile;1;R$ 69,90;R$ 0,00;R$ 18,79;R$ 88,69
5836;02/06/2018 11:48;ENTREGUE;MOIP CC 3x;Mobile;1;R$ 69,90;R$ 0,00;R$ 49,58;R$ 119,48
5835;02/06/2018 10:18;ENTREGUE;MOIP CC 3x;Mobile;3;R$ 229,70;R$ 0,00;R$ 64,75;R$ 294,45
5834;01/06/2018 15:46;ENTREGUE;MOIP Boleto;Desktop;2;R$ 149,80;R$ 0,00;R$ 21,00;R$ 170,80
5833;31/05/2018 13:22;ENTREGUE;MOIP CC 3x;Desktop;2;R$ 149,80;R$ 0,00;R$ 26,99;R$ 176,79
5832;31/05/2018 11:18;ENTREGUE;MOIP CC 6x;Mobile;1;R$ 69,90;R$ 0,00;R$ 23,21;R$ 93,11
5831;30/05/2018 16:24;DESPACHADO;MOIP CC 4x;Mobile;1;R$ 69,90;R$ 0,00;R$ 10,46;R$ 80,36
5830;30/05/2018 11:23;ENTREGUE;MOIP Boleto;Desktop;1;R$ 69,90;R$ 0,00;R$ 23,21;R$ 93,11
5829;30/05/2018 00:03;ENTREGUE;MOIP Boleto;Mobile;1;R$ 39,90;R$ 0,00;R$ 23,21;R$ 63,11
5827;29/05/2018 17:19;ENTREGUE;MOIP CC 3x;Desktop;4;R$ 309,60;R$ 0,00;R$ 55,84;R$ 365,44
5826;29/05/2018 14:55;ENTREGUE;MOIP Boleto;Mobile;2;R$ 139,80;R$ 0,00;R$ 16,33;R$ 156,13
5825;28/05/2018 23:08;ENTREGUE;MOIP CC 6x;Mobile;3;R$ 189,70;R$ 0,00;R$ 30,08;R$ 219,78
5824;28/05/2018 15:38;APROVADO CRÉDITO;MOIP Boleto;Desktop;1;R$ 79,90;R$ 79,90;R$ 0,00;R$ 0,00
5823;28/05/2018 12:07;APROVADO CRÉDITO;MOIP Boleto;Mobile;1;R$ 69,90;R$ 0,00;R$ 0,00;R$ 69,90
5822;28/05/2018 11:02;APROVADO CRÉDITO;MOIP Boleto;Desktop;1;R$ 79,90;R$ 79,90;R$ 0,00;R$ 0,00
5821;28/05/2018 08:57;ENTREGUE;MOIP CC 1x;Desktop;1;R$ 39,90;R$ 0,00;R$ 21,00;R$ 60,90
5820;27/05/2018 22:00;ENTREGUE;MOIP CC 2x;Mobile;1;R$ 79,90;R$ 0,00;R$ 23,21;R$ 103,11
5818;27/05/2018 14:16;ENTREGUE;MOIP CC 6x;Desktop;2;R$ 149,80;R$ 0,00;R$ 38,23;R$ 188,03
5817;27/05/2018 10:03;ENTREGUE;MOIP CC 3x;Mobile;5;R$ 319,50;R$ 0,00;R$ 24,47;R$ 343,97
5814;26/05/2018 19:00;ENTREGUE;MOIP CC 4x;Mobile;1;R$ 79,90;R$ 0,00;R$ 16,92;R$ 96,82
5813;26/05/2018 15:34;ENTREGUE;MOIP CC 3x;Mobile;1;R$ 79,90;R$ 0,00;R$ 18,79;R$ 98,69
5812;25/05/2018 20:17;ENTREGUE;MOIP Boleto;Mobile;1;R$ 79,90;R$ 0,00;R$ 23,21;R$ 103,11
5811;25/05/2018 18:44;ENTREGUE;MOIP Boleto;Mobile;12;R$ 1.002,80;R$ 1.002,80;R$ 0,00;R$ 0,00
5809;23/05/2018 23:01;ENTREGUE;MOIP CC 6x;Desktop;2;R$ 149,80;R$ 0,00;R$ 20,82;R$ 170,62
5808;23/05/2018 15:21;ENTREGUE;MOIP CC 2x;Mobile;1;R$ 69,90;R$ 0,00;R$ 18,79;R$ 88,69
5807;23/05/2018 14:31;ENTREGUE;MOIP CC 2x;Desktop;1;R$ 69,90;R$ 0,00;R$ 21,00;R$ 90,90
5804;21/05/2018 22:10;ENTREGUE;MOIP CC 1x;Mobile;4;R$ 309,60;R$ 0,00;R$ 24,47;R$ 334,07
5803;21/05/2018 18:37;ENTREGUE;MOIP CC 1x;Desktop;18;R$ 1.018,20;R$ 1.011,00;R$ 0,00;R$ 7,20
5802;21/05/2018 14:56;ENTREGUE;MOIP Boleto;Mobile;1;R$ 69,90;R$ 0,00;R$ 18,79;R$ 88,69
5801;21/05/2018 14:18;ENTREGUE;MOIP CC 6x;Mobile;2;R$ 167,80;R$ 0,00;R$ 18,79;R$ 186,59
5800;21/05/2018 13:51;ENTREGUE;MOIP CC 6x;Mobile;1;R$ 79,90;R$ 0,00;R$ 16,33;R$ 96,23
5799;20/05/2018 22:47;ENTREGUE;MOIP CC 2x;Mobile;2;R$ 79,80;R$ 0,00;R$ 20,82;R$ 100,62
5798;20/05/2018 15:10;DESPACHADO;MOIP CC 6x;Desktop;3;R$ 149,70;R$ 0,00;R$ 10,46;R$ 160,16
5797;20/05/2018 07:25;ENTREGUE;MOIP Boleto;Mobile;5;R$ 267,50;R$ 0,00;R$ 49,58;R$ 317,08
5796;19/05/2018 11:43;ENTREGUE;MOIP CC 6x;Mobile;3;R$ 209,70;R$ 0,00;R$ 21,00;R$ 230,70
5795;19/05/2018 10:43;ENTREGUE;MOIP Boleto;Desktop;1;R$ 69,90;R$ 0,00;R$ 23,21;R$ 93,11
5794;18/05/2018 20:42;ENTREGUE;MOIP CC 6x;Mobile;4;R$ 309,60;R$ 0,00;R$ 26,99;R$ 336,59
5792;18/05/2018 14:01;APROVADO CRÉDITO;MOIP Boleto;Desktop;1;R$ 79,90;R$ 79,90;R$ 0,00;R$ 0,00
5791;18/05/2018 09:41;ENTREGUE;MOIP Boleto;Desktop;3;R$ 229,70;R$ 0,00;R$ 38,23;R$ 267,93
5789;17/05/2018 22:02;ENTREGUE;MOIP CC 4x;Mobile;3;R$ 239,70;R$ 0,00;R$ 47,38;R$ 287,08
5788;17/05/2018 20:27;ENTREGUE;MOIP Boleto;Desktop;1;R$ 79,90;R$ 0,00;R$ 25,72;R$ 105,62
5787;17/05/2018 19:52;ENTREGUE;MOIP CC 1x;Desktop;2;R$ 159,80;R$ 0,00;R$ 24,47;R$ 184,27
5786;17/05/2018 17:15;ENTREGUE;MOIP CC 6x;Desktop;3;R$ 197,70;R$ 0,00;R$ 18,79;R$ 216,49
5785;17/05/2018 16:00;ENTREGUE;MOIP CC 1x;Desktop;1;R$ 69,90;R$ 0,00;R$ 16,92;R$ 86,82
5784;17/05/2018 15:20;ENTREGUE;MOIP Boleto;Desktop;3;R$ 167,70;R$ 0,00;R$ 29,22;R$ 196,92
5783;17/05/2018 10:42;DESPACHADO;MOIP CC 3x;Desktop;2;R$ 104,80;R$ 0,00;R$ 10,46;R$ 115,26
5782;16/05/2018 20:03;ENTREGUE;MOIP CC 6x;Mobile;2;R$ 159,80;R$ 0,00;R$ 47,38;R$ 207,18
5781;16/05/2018 10:10;ENTREGUE;MOIP Boleto;Mobile;2;R$ 149,80;R$ 0,00;R$ 49,58;R$ 199,38
5780;16/05/2018 08:27;ENTREGUE;MOIP CC 5x;Desktop;1;R$ 69,90;R$ 0,00;R$ 23,21;R$ 93,11
5779;15/05/2018 20:33;ENTREGUE;MOIP Boleto;Desktop;2;R$ 159,80;R$ 87,90;R$ 25,72;R$ 97,62
5778;15/05/2018 16:32;ENTREGUE;MOIP Boleto;Desktop;1;R$ 69,90;R$ 0,00;R$ 23,21;R$ 93,11
5777;15/05/2018 16:28;ENTREGUE;MOIP Boleto;Desktop;3;R$ 129,70;R$ 0,00;R$ 30,08;R$ 159,78
5776;15/05/2018 16:09;ENTREGUE;MOIP Boleto;Desktop;1;R$ 79,90;R$ 0,00;R$ 18,79;R$ 98,69
5775;14/05/2018 23:07;DESPACHADO;MOIP CC 6x;Desktop;2;R$ 79,80;R$ 0,00;R$ 10,46;R$ 90,26
5774;14/05/2018 19:02;ENTREGUE;MOIP CC 6x;Mobile;2;R$ 79,80;R$ 0,00;R$ 23,21;R$ 103,01
5773;14/05/2018 13:33;ENTREGUE;MOIP CC 6x;Desktop;2;R$ 159,80;R$ 0,00;R$ 23,21;R$ 183,01
5771;13/05/2018 23:37;ENTREGUE;MOIP Boleto;Mobile;3;R$ 215,70;R$ 0,00;R$ 18,79;R$ 234,49
5769;12/05/2018 21:36;ENTREGUE;MOIP CC 1x;Mobile;1;R$ 79,90;R$ 0,00;R$ 21,00;R$ 100,90
5767;12/05/2018 14:18;ENTREGUE;MOIP CC 1x;Desktop;1;R$ 69,90;R$ 0,00;R$ 21,00;R$ 90,90
5766;12/05/2018 12:56;ENTREGUE;MOIP Boleto;Mobile;2;R$ 149,80;R$ 0,00;R$ 49,58;R$ 199,38
5765;11/05/2018 22:44;ENTREGUE;MOIP CC 6x;Mobile;3;R$ 177,70;R$ 0,00;R$ 38,23;R$ 215,93
5763;11/05/2018 19:22;ENTREGUE;MOIP CC 6x;Mobile;1;R$ 69,90;R$ 0,00;R$ 18,79;R$ 88,69
5762;11/05/2018 16:54;ENTREGUE;MOIP CC 3x;Mobile;1;R$ 79,90;R$ 0,00;R$ 26,99;R$ 106,89
5761;11/05/2018 16:13;ENTREGUE;MOIP CC 1x;Desktop;2;R$ 159,80;R$ 0,00;R$ 49,58;R$ 209,38
5759;11/05/2018 15:19;ENTREGUE;MOIP Boleto;Desktop;1;R$ 34,90;R$ 0,00;R$ 24,47;R$ 59,37
5758;11/05/2018 13:19;ENTREGUE;MOIP CC 4x;Mobile;5;R$ 329,50;R$ 0,00;R$ 38,23;R$ 367,73
5757;11/05/2018 11:13;ENTREGUE;MOIP CC 6x;Desktop;6;R$ 449,40;R$ 0,00;R$ 38,23;R$ 487,63
5752;11/05/2018 01:53;ENTREGUE;MOIP CC 1x;Desktop;2;R$ 69,80;R$ 0,00;R$ 18,79;R$ 88,59
5751;10/05/2018 17:40;ENTREGUE;MOIP CC 5x;Desktop;5;R$ 415,50;R$ 0,00;R$ 20,27;R$ 435,77
5750;10/05/2018 17:04;ENTREGUE;MOIP CC 3x;Desktop;1;R$ 79,90;R$ 0,00;R$ 23,21;R$ 103,11
5749;10/05/2018 15:55;ENTREGUE;MOIP CC 2x;Desktop;4;R$ 269,60;R$ 13,48;R$ 47,38;R$ 303,50
5747;10/05/2018 14:14;ENTREGUE;MOIP CC 6x;Desktop;3;R$ 239,70;R$ 0,00;R$ 23,21;R$ 262,91
5746;10/05/2018 11:02;ENTREGUE;MOIP CC 6x;Desktop;2;R$ 159,80;R$ 0,00;R$ 21,00;R$ 180,80
5745;09/05/2018 11:40;ENTREGUE;MOIP Boleto;Desktop;1;R$ 79,90;R$ 0,00;R$ 21,00;R$ 100,90
5744;09/05/2018 11:31;ENTREGUE;MOIP Boleto;Desktop;2;R$ 159,80;R$ 0,00;R$ 18,79;R$ 178,59
5743;09/05/2018 11:14;ENTREGUE;MOIP CC 2x;Mobile;2;R$ 79,80;R$ 0,00;R$ 38,23;R$ 118,03
5741;08/05/2018 20:39;ENTREGUE;MOIP CC 1x;Desktop;2;R$ 159,80;R$ 0,00;R$ 21,00;R$ 180,80
5740;08/05/2018 19:17;ENTREGUE;MOIP Boleto;Mobile;2;R$ 89,80;R$ 0,00;R$ 30,08;R$ 119,88
5738;08/05/2018 17:26;ENTREGUE;MOIP Boleto;Desktop;1;R$ 79,90;R$ 0,00;R$ 30,08;R$ 109,98
5737;08/05/2018 17:11;ENTREGUE;MOIP Boleto;Desktop;4;R$ 179,60;R$ 0,00;R$ 38,23;R$ 217,83
5736;08/05/2018 17:08;ENTREGUE;MOIP CC 2x;Desktop;1;R$ 69,90;R$ 0,00;R$ 19,11;R$ 89,01
5735;08/05/2018 12:53;ENTREGUE;MOIP CC 5x;Desktop;1;R$ 79,90;R$ 0,00;R$ 23,21;R$ 103,11
5734;07/05/2018 22:02;ENTREGUE;MOIP CC 6x;Mobile;2;R$ 159,80;R$ 0,00;R$ 38,23;R$ 198,03
5732;07/05/2018 15:32;ENTREGUE;MOIP CC 1x;Desktop;1;R$ 69,90;R$ 0,00;R$ 21,00;R$ 90,90
5731;07/05/2018 15:00;ENTREGUE;MOIP CC 3x;Desktop;2;R$ 139,80;R$ 0,00;R$ 20,82;R$ 160,62
5730;07/05/2018 10:35;ENTREGUE;MOIP Boleto;Mobile;3;R$ 229,70;R$ 0,00;R$ 49,58;R$ 279,28
5729;06/05/2018 20:35;ENTREGUE;MOIP CC 2x;Mobile;1;R$ 39,90;R$ 0,00;R$ 18,79;R$ 58,69
5728;06/05/2018 13:38;ENTREGUE;MOIP CC 6x;Mobile;2;R$ 159,80;R$ 0,00;R$ 25,72;R$ 185,52
5727;06/05/2018 13:10;ENTREGUE;MOIP CC 6x;Mobile;2;R$ 159,80;R$ 0,00;R$ 55,84;R$ 215,64
5726;06/05/2018 11:35;ENTREGUE;MOIP CC 1x;Mobile;12;R$ 1.058,80;R$ 1.011,00;R$ 0,00;R$ 47,80
5725;05/05/2018 15:33;ENTREGUE;MOIP Boleto;Desktop;2;R$ 139,80;R$ 0,00;R$ 23,21;R$ 163,01
5724;05/05/2018 14:26;ENTREGUE;MOIP CC 1x;Mobile;3;R$ 239,70;R$ 0,00;R$ 38,23;R$ 277,93
5722;04/05/2018 20:56;ENTREGUE;MOIP Boleto;Mobile;1;R$ 79,90;R$ 0,00;R$ 49,58;R$ 129,48
5718;03/05/2018 14:34;ENTREGUE;MOIP CC 5x;Desktop;3;R$ 174,70;R$ 0,00;R$ 21,00;R$ 195,70
5717;03/05/2018 13:08;ENTREGUE;MOIP CC 6x;Desktop;1;R$ 79,90;R$ 0,00;R$ 18,79;R$ 98,69
5716;03/05/2018 10:35;ENTREGUE;MOIP Boleto;Desktop;2;R$ 149,80;R$ 0,00;R$ 38,23;R$ 188,03
5715;03/05/2018 09:35;ENTREGUE;MOIP CC 6x;Mobile;2;R$ 159,80;R$ 7,99;R$ 19,11;R$ 170,92
5714;03/05/2018 08:16;ENTREGUE;MOIP Boleto;Desktop;1;R$ 79,90;R$ 0,00;R$ 18,79;R$ 98,69
5711;02/05/2018 17:40;ENTREGUE;MOIP CC 5x;Desktop;3;R$ 199,70;R$ 0,00;R$ 18,79;R$ 218,49
5710;02/05/2018 12:11;ENTREGUE;MOIP Boleto;Mobile;1;R$ 79,90;R$ 0,00;R$ 25,72;R$ 105,62
5708;02/05/2018 10:33;ENTREGUE;MOIP Boleto;Desktop;7;R$ 359,30;R$ 0,00;R$ 19,44;R$ 378,74
5706;01/05/2018 19:46;ENTREGUE;MOIP CC 6x;Mobile;3;R$ 229,70;R$ 0,00;R$ 38,23;R$ 267,93
5705;01/05/2018 13:42;DESPACHADO;MOIP CC 3x;Desktop;2;R$ 149,80;R$ 0,00;R$ 23,21;R$ 173,01
5704;01/05/2018 09:23;ENTREGUE;MOIP CC 2x;Desktop;1;R$ 79,90;R$ 0,00;R$ 21,00;R$ 100,90
5703;30/04/2018 18:59;ENTREGUE;MOIP CC 1x;Desktop;2;R$ 175,80;R$ 0,00;R$ 24,47;R$ 200,27
5702;30/04/2018 15:20;ENTREGUE;MOIP Boleto;Mobile;3;R$ 257,70;R$ 0,00;R$ 25,72;R$ 283,42
5701;30/04/2018 12:29;ENTREGUE;MOIP CC 6x;Mobile;3;R$ 202,70;R$ 0,00;R$ 18,79;R$ 221,49
5698;29/04/2018 08:55;ENTREGUE;MOIP Boleto;Desktop;1;R$ 69,90;R$ 0,00;R$ 38,23;R$ 108,13
5697;29/04/2018 06:27;ENTREGUE;MOIP CC 4x;Mobile;1;R$ 69,90;R$ 0,00;R$ 24,47;R$ 94,37
5696;28/04/2018 23:31;ENTREGUE;MOIP CC 6x;Desktop;3;R$ 263,70;R$ 0,00;R$ 5,87;R$ 269,57
5695;28/04/2018 22:06;ENTREGUE;MOIP CC 4x;Mobile;1;R$ 69,90;R$ 0,00;R$ 24,47;R$ 94,37
5694;28/04/2018 22:04;ENTREGUE;MOIP Boleto;Desktop;1;R$ 79,90;R$ 0,00;R$ 19,11;R$ 99,01
5692;28/04/2018 08:38;ENTREGUE;MOIP CC 2x;Desktop;1;R$ 79,90;R$ 0,00;R$ 18,79;R$ 98,69
5691;28/04/2018 07:20;ENTREGUE;MOIP Boleto;Desktop;1;R$ 69,90;R$ 0,00;R$ 21,00;R$ 90,90
5690;26/04/2018 19:10;ENTREGUE;MOIP Boleto;Mobile;1;R$ 79,90;R$ 0,00;R$ 24,47;R$ 104,37
5688;26/04/2018 09:17;ENTREGUE;MOIP CC 1x;Mobile;2;R$ 139,80;R$ 0,00;R$ 38,23;R$ 178,03
5687;26/04/2018 09:11;ENTREGUE;MOIP CC 4x;Desktop;2;R$ 139,80;R$ 0,00;R$ 21,00;R$ 160,80
5686;26/04/2018 08:41;ENTREGUE;MOIP Boleto;Desktop;1;R$ 49,90;R$ 0,00;R$ 38,23;R$ 88,13
5685;25/04/2018 15:03;ENTREGUE;MOIP Boleto;Desktop;1;R$ 79,90;R$ 0,00;R$ 18,79;R$ 98,69
5682;24/04/2018 23:04;ENTREGUE;MOIP Boleto;Mobile;3;R$ 179,70;R$ 0,00;R$ 34,77;R$ 214,47
5681;24/04/2018 18:42;ENTREGUE;MOIP CC 6x;Mobile;3;R$ 199,70;R$ 0,00;R$ 24,47;R$ 224,17
5680;24/04/2018 18:32;ENTREGUE;MOIP Boleto;Desktop;3;R$ 199,70;R$ 0,00;R$ 25,72;R$ 225,42
5679;24/04/2018 14:59;ENTREGUE;MOIP CC 3x;Desktop;2;R$ 157,80;R$ 0,00;R$ 21,00;R$ 178,80
5678;24/04/2018 10:22;ENTREGUE;MOIP CC 4x;Desktop;3;R$ 179,70;R$ 0,00;R$ 24,47;R$ 204,17
5676;23/04/2018 22:57;ENTREGUE;MOIP Boleto;Desktop;3;R$ 229,70;R$ 0,00;R$ 26,99;R$ 256,69
5675;23/04/2018 22:08;ENTREGUE;MOIP CC 6x;Mobile;4;R$ 299,60;R$ 0,00;R$ 0,00;R$ 299,60
5674;23/04/2018 20:29;ENTREGUE;MOIP CC 3x;Desktop;6;R$ 329,40;R$ 0,00;R$ 0,00;R$ 329,40
5673;23/04/2018 19:33;ENTREGUE;MOIP CC 1x;Mobile;1;R$ 79,90;R$ 0,00;R$ 38,23;R$ 118,13
5672;23/04/2018 17:54;ENTREGUE;MOIP CC 1x;Desktop;1;R$ 89,90;R$ 0,00;R$ 20,82;R$ 110,72
5670;22/04/2018 23:08;ENTREGUE;MOIP CC 2x;Desktop;1;R$ 69,90;R$ 0,00;R$ 24,47;R$ 94,37
5669;22/04/2018 21:48;ENTREGUE;MOIP CC 4x;Mobile;5;R$ 264,50;R$ 0,00;R$ 29,45;R$ 293,95
5667;22/04/2018 15:59;ENTREGUE;MOIP CC 6x;Mobile;2;R$ 139,80;R$ 0,00;R$ 38,23;R$ 178,03
5666;21/04/2018 21:33;APROVADO CRÉDITO;MOIP Boleto;Mobile;1;R$ 79,90;R$ 79,90;R$ 0,00;R$ 0,00
5665;21/04/2018 16:06;ENTREGUE;MOIP Boleto;Mobile;1;R$ 69,90;R$ 0,00;R$ 20,82;R$ 90,72
5664;21/04/2018 13:08;ENTREGUE;MOIP CC 1x;Mobile;3;R$ 247,70;R$ 0,00;R$ 38,23;R$ 285,93
5663;20/04/2018 21:40;ENTREGUE;MOIP CC 6x;Mobile;1;R$ 69,90;R$ 0,00;R$ 18,79;R$ 88,69
5662;20/04/2018 20:36;ENTREGUE;MOIP CC 2x;Mobile;2;R$ 149,80;R$ 0,00;R$ 20,82;R$ 170,62
5661;20/04/2018 19:43;ENTREGUE;MOIP CC 6x;Mobile;2;R$ 149,80;R$ 0,00;R$ 24,47;R$ 174,27
5658;20/04/2018 13:19;ENTREGUE;MOIP CC 6x;Desktop;4;R$ 179,60;R$ 0,00;R$ 23,21;R$ 202,81
5656;20/04/2018 09:24;ENTREGUE;MOIP Boleto;Desktop;1;R$ 79,90;R$ 0,00;R$ 38,23;R$ 118,13
5654;19/04/2018 17:44;ENTREGUE;MOIP CC 1x;Desktop;15;R$ 1.106,50;R$ 1.100,00;R$ 0,00;R$ 6,50
5653;19/04/2018 16:19;ENTREGUE;MOIP Boleto;Desktop;3;R$ 219,70;R$ 0,00;R$ 30,08;R$ 249,78
5651;19/04/2018 11:16;ENTREGUE;MOIP Boleto;Desktop;2;R$ 167,80;R$ 0,00;R$ 38,23;R$ 206,03
5650;19/04/2018 10:48;ENTREGUE;MOIP CC 3x;Desktop;1;R$ 69,90;R$ 0,00;R$ 16,92;R$ 86,82
5649;19/04/2018 10:19;ENTREGUE;MOIP CC 3x;Desktop;1;R$ 49,90;R$ 0,00;R$ 13,15;R$ 63,05
5648;19/04/2018 09:29;ENTREGUE;MOIP CC 2x;Desktop;2;R$ 159,80;R$ 0,00;R$ 75,53;R$ 235,33
5647;19/04/2018 09:19;DESPACHADO;MOIP Boleto;Desktop;1;R$ 79,90;R$ 0,00;R$ 23,21;R$ 103,11
5646;19/04/2018 04:26;ENTREGUE;MOIP CC 6x;Desktop;11;R$ 528,90;R$ 0,00;R$ 75,53;R$ 604,43
5644;18/04/2018 20:53;ENTREGUE;MOIP CC 4x;Desktop;3;R$ 179,70;R$ 0,00;R$ 38,23;R$ 217,93
5643;18/04/2018 14:08;ENTREGUE;MOIP CC 6x;Desktop;4;R$ 269,60;R$ 0,00;R$ 10,07;R$ 279,67
5640;18/04/2018 00:48;ENTREGUE;MOIP CC 6x;Desktop;2;R$ 149,80;R$ 0,00;R$ 38,23;R$ 188,03
5639;17/04/2018 20:56;ENTREGUE;MOIP CC 2x;Mobile;2;R$ 149,80;R$ 0,00;R$ 25,72;R$ 175,52
5638;17/04/2018 19:51;APROVADO CRÉDITO;MOIP Boleto;Mobile;3;R$ 239,70;R$ 0,00;R$ 47,38;R$ 287,08
5637;17/04/2018 17:56;ENTREGUE;MOIP CC 3x;Desktop;2;R$ 149,80;R$ 0,00;R$ 29,22;R$ 179,02
5636;17/04/2018 14:47;ENTREGUE;MOIP CC 5x;Desktop;2;R$ 149,80;R$ 0,00;R$ 38,23;R$ 188,03
5635;17/04/2018 12:50;ENTREGUE;MOIP CC 6x;Mobile;1;R$ 69,90;R$ 0,00;R$ 30,08;R$ 99,98
5634;17/04/2018 12:34;ENTREGUE;MOIP Boleto;Mobile;1;R$ 79,90;R$ 0,00;R$ 20,82;R$ 100,72
5633;17/04/2018 12:30;ENTREGUE;MOIP CC 1x;Mobile;1;R$ 87,90;R$ 0,00;R$ 38,23;R$ 126,13
5632;17/04/2018 12:22;ENTREGUE;MOIP CC 4x;Desktop;1;R$ 79,90;R$ 0,00;R$ 23,21;R$ 103,11
5631;17/04/2018 11:32;ENTREGUE;MOIP Boleto;Desktop;1;R$ 34,90;R$ 0,00;R$ 64,75;R$ 99,65
5630;17/04/2018 11:08;ENTREGUE;MOIP CC 6x;Desktop;4;R$ 339,60;R$ 0,00;R$ 0,00;R$ 339,60
5629;17/04/2018 09:33;APROVADO CRÉDITO;MOIP CC 6x;Desktop;4;R$ 299,60;R$ 0,00;R$ 35,93;R$ 335,53
5627;16/04/2018 20:17;ENTREGUE;MOIP Boleto;Mobile;3;R$ 247,70;R$ 0,00;R$ 30,08;R$ 277,78
5626;16/04/2018 19:49;DESPACHADO;MOIP CC 6x;Mobile;2;R$ 149,80;R$ 0,00;R$ 18,79;R$ 168,59
5625;16/04/2018 18:55;ENTREGUE;MOIP Boleto;Desktop;1;R$ 79,90;R$ 0,00;R$ 24,47;R$ 104,37
5623;16/04/2018 18:29;ENTREGUE;MOIP Boleto;Mobile;1;R$ 79,90;R$ 0,00;R$ 30,08;R$ 109,98
5622;16/04/2018 18:01;ENTREGUE;MOIP CC 1x;Mobile;1;R$ 79,90;R$ 0,00;R$ 38,23;R$ 118,13
5621;16/04/2018 15:46;APROVADO CRÉDITO;MOIP Boleto;Desktop;1;R$ 79,90;R$ 79,90;R$ 0,00;R$ 0,00
5620;16/04/2018 12:34;ENTREGUE;MOIP Boleto;Desktop;1;R$ 79,90;R$ 0,00;R$ 18,79;R$ 98,69
5619;16/04/2018 09:08;ENTREGUE;MOIP Boleto;Desktop;3;R$ 209,70;R$ 0,00;R$ 30,08;R$ 239,78
5618;15/04/2018 21:11;ENTREGUE;MOIP Boleto;Desktop;6;R$ 299,40;R$ 0,00;R$ 0,00;R$ 299,40
5616;15/04/2018 17:34;ENTREGUE;MOIP CC 6x;Mobile;4;R$ 307,60;R$ 0,00;R$ 26,37;R$ 333,97
5615;15/04/2018 14:00;ENTREGUE;MOIP CC 1x;Desktop;2;R$ 159,80;R$ 0,00;R$ 18,79;R$ 178,59
5613;15/04/2018 13:34;ENTREGUE;MOIP Boleto;Mobile;1;R$ 39,90;R$ 0,00;R$ 10,46;R$ 50,36
5612;15/04/2018 12:43;ENTREGUE;MOIP CC 2x;Desktop;3;R$ 237,70;R$ 0,00;R$ 23,21;R$ 260,91
5610;15/04/2018 11:56;ENTREGUE;MOIP Boleto;Desktop;1;R$ 87,90;R$ 0,00;R$ 30,08;R$ 117,98
5609;15/04/2018 10:33;ENTREGUE;MOIP CC 1x;Desktop;2;R$ 114,80;R$ 0,00;R$ 47,38;R$ 162,18
5608;15/04/2018 10:09;ENTREGUE;MOIP CC 6x;Mobile;4;R$ 319,60;R$ 0,00;R$ 0,00;R$ 319,60
5607;15/04/2018 10:08;ENTREGUE;MOIP CC 6x;Desktop;3;R$ 229,70;R$ 0,00;R$ 21,00;R$ 250,70
5606;15/04/2018 09:49;ENTREGUE;MOIP CC 3x;Mobile;2;R$ 159,80;R$ 0,00;R$ 21,00;R$ 180,80
5605;15/04/2018 09:36;ENTREGUE;MOIP Boleto;Mobile;1;R$ 69,90;R$ 0,00;R$ 21,00;R$ 90,90
5604;14/04/2018 18:30;ENTREGUE;MOIP Boleto;Mobile;12;R$ 998,80;R$ 998,80;R$ 0,00;R$ 0,00
5603;14/04/2018 16:41;ENTREGUE;MOIP CC 6x;Mobile;6;R$ 424,40;R$ 0,00;R$ 21,78;R$ 446,18
5602;14/04/2018 16:29;ENTREGUE;MOIP Boleto;Mobile;1;R$ 69,90;R$ 0,00;R$ 24,47;R$ 94,37
5601;14/04/2018 16:28;ENTREGUE;MOIP CC 6x;Desktop;3;R$ 187,70;R$ 0,00;R$ 20,82;R$ 208,52
5600;14/04/2018 15:51;ENTREGUE;MOIP CC 1x;Desktop;2;R$ 159,80;R$ 0,00;R$ 23,21;R$ 183,01
5599;14/04/2018 09:57;ENTREGUE;MOIP Boleto;Mobile;3;R$ 179,70;R$ 0,00;R$ 24,47;R$ 204,17
5597;13/04/2018 22:37;ENTREGUE;MOIP CC 2x;Mobile;1;R$ 87,90;R$ 0,00;R$ 23,21;R$ 111,11
5596;13/04/2018 18:47;ENTREGUE;MOIP CC 3x;Desktop;2;R$ 79,80;R$ 0,00;R$ 23,21;R$ 103,01
5595;13/04/2018 18:33;DESPACHADO;MOIP CC 1x;Mobile;1;R$ 79,90;R$ 0,00;R$ 10,46;R$ 90,36
5594;13/04/2018 15:32;ENTREGUE;MOIP CC 3x;Desktop;3;R$ 229,70;R$ 0,00;R$ 24,47;R$ 254,17
5593;13/04/2018 14:27;APROVADO CRÉDITO;MOIP CC 1x;Desktop;3;R$ 239,70;R$ 0,00;R$ 21,00;R$ 260,70
5592;13/04/2018 14:15;ENTREGUE;MOIP CC 2x;Mobile;2;R$ 159,80;R$ 0,00;R$ 23,21;R$ 183,01
5590;13/04/2018 12:23;ENTREGUE;MOIP Boleto;Desktop;1;R$ 69,90;R$ 0,00;R$ 20,82;R$ 90,72
5587;12/04/2018 21:36;ENTREGUE;MOIP CC 6x;Mobile;1;R$ 49,90;R$ 0,00;R$ 23,21;R$ 73,11
5585;12/04/2018 20:38;ENTREGUE;MOIP CC 6x;Mobile;4;R$ 309,60;R$ 0,00;R$ 0,00;R$ 309,60
5584;12/04/2018 20:37;ENTREGUE;MOIP CC 2x;Desktop;3;R$ 237,70;R$ 0,00;R$ 26,99;R$ 264,69
5583;12/04/2018 20:26;ENTREGUE;MOIP CC 3x;Mobile;4;R$ 317,60;R$ 0,00;R$ 0,00;R$ 317,60
5582;12/04/2018 20:14;ENTREGUE;MOIP CC 6x;Desktop;8;R$ 637,20;R$ 0,00;R$ 0,00;R$ 637,20
5581;12/04/2018 16:10;APROVADO CRÉDITO;MOIP Boleto;Desktop;1;R$ 79,90;R$ 79,90;R$ 0,00;R$ 0,00
5580;12/04/2018 13:26;ENTREGUE;MOIP CC 1x;Mobile;1;R$ 39,90;R$ 0,00;R$ 24,47;R$ 64,37
5579;12/04/2018 11:15;APROVADO CRÉDITO;MOIP Boleto;Desktop;1;R$ 79,90;R$ 79,90;R$ 0,00;R$ 0,00
5577;11/04/2018 19:14;ENTREGUE;MOIP CC 4x;Desktop;2;R$ 167,80;R$ 0,00;R$ 23,21;R$ 191,01
5575;11/04/2018 16:40;ENTREGUE;MOIP Boleto;Desktop;2;R$ 159,80;R$ 0,00;R$ 19,11;R$ 178,91
5574;11/04/2018 13:33;APROVADO CRÉDITO;MOIP Boleto;Desktop;2;R$ 89,80;R$ 89,80;R$ 0,00;R$ 0,00
5573;11/04/2018 12:03;APROVADO CRÉDITO;MOIP Boleto;Desktop;1;R$ 79,90;R$ 79,90;R$ 0,00;R$ 0,00
5572;11/04/2018 11:14;DESPACHADO;MOIP CC 6x;Desktop;1;R$ 69,90;R$ 0,00;R$ 10,46;R$ 80,36
5571;10/04/2018 23:25;DESPACHADO;MOIP Boleto;Desktop;1;R$ 69,90;R$ 0,00;R$ 10,46;R$ 80,36
5570;10/04/2018 22:48;ENTREGUE;MOIP CC 4x;Desktop;2;R$ 119,80;R$ 0,00;R$ 25,72;R$ 145,52
5569;10/04/2018 22:03;ENTREGUE;MOIP CC 3x;Desktop;3;R$ 217,70;R$ 0,00;R$ 38,23;R$ 255,93
5568;10/04/2018 20:43;ENTREGUE;MOIP CC 2x;Desktop;1;R$ 69,90;R$ 0,00;R$ 21,00;R$ 90,90
5566;10/04/2018 16:22;ENTREGUE;MOIP CC 6x;Mobile;2;R$ 139,80;R$ 0,00;R$ 21,00;R$ 160,80
5565;10/04/2018 15:15;ENTREGUE;MOIP CC 3x;Desktop;2;R$ 119,80;R$ 0,00;R$ 23,21;R$ 143,01
5564;10/04/2018 15:12;ENTREGUE;MOIP Boleto;Desktop;1;R$ 79,90;R$ 0,00;R$ 30,08;R$ 109,98
5563;10/04/2018 14:29;ENTREGUE;MOIP CC 1x;Desktop;1;R$ 79,90;R$ 0,00;R$ 18,79;R$ 98,69
5562;10/04/2018 12:37;ENTREGUE;MOIP CC 3x;Desktop;2;R$ 149,80;R$ 0,00;R$ 47,38;R$ 197,18
5561;10/04/2018 11:54;ENTREGUE;MOIP CC 1x;Mobile;2;R$ 159,80;R$ 0,00;R$ 18,79;R$ 178,59
5560;10/04/2018 08:59;ENTREGUE;MOIP CC 5x;Desktop;2;R$ 149,80;R$ 0,00;R$ 55,84;R$ 205,64
5559;09/04/2018 21:10;DESPACHADO;MOIP CC 3x;Mobile;1;R$ 69,90;R$ 0,00;R$ 16,92;R$ 86,82
5558;09/04/2018 19:00;ENTREGUE;MOIP Boleto;Desktop;6;R$ 369,40;R$ 0,00;R$ 0,00;R$ 369,40
5556;09/04/2018 14:56;APROVADO CRÉDITO;MOIP Boleto;Desktop;1;R$ 79,90;R$ 79,90;R$ 0,00;R$ 0,00
5555;09/04/2018 14:51;APROVADO CRÉDITO;MOIP Boleto;Desktop;2;R$ 79,80;R$ 79,80;R$ 0,00;R$ 0,00
5554;09/04/2018 12:05;APROVADO CRÉDITO;MOIP Boleto;Desktop;1;R$ 79,90;R$ 79,90;R$ 0,00;R$ 0,00
5553;09/04/2018 08:50;ENTREGUE;MOIP CC 1x;Desktop;2;R$ 109,80;R$ 0,00;R$ 30,08;R$ 139,88
5552;09/04/2018 01:12;ENTREGUE;MOIP CC 6x;Mobile;1;R$ 79,90;R$ 0,00;R$ 30,08;R$ 109,98
5551;08/04/2018 23:23;ENTREGUE;MOIP CC 6x;Mobile;2;R$ 137,80;R$ 0,00;R$ 38,23;R$ 176,03
5550;08/04/2018 21:53;ENTREGUE;MOIP Boleto;Desktop;2;R$ 139,80;R$ 0,00;R$ 38,23;R$ 178,03
5549;08/04/2018 20:34;ENTREGUE;MOIP CC 3x;Mobile;2;R$ 159,80;R$ 0,00;R$ 25,72;R$ 185,52
5548;08/04/2018 20:04;ENTREGUE;MOIP CC 6x;Mobile;1;R$ 69,90;R$ 0,00;R$ 18,79;R$ 88,69
5547;08/04/2018 13:09;ENTREGUE;MOIP CC 5x;Mobile;1;R$ 79,90;R$ 0,00;R$ 23,21;R$ 103,11
5546;08/04/2018 10:12;ENTREGUE;MOIP Boleto;Desktop;1;R$ 69,90;R$ 0,00;R$ 30,08;R$ 99,98
5545;07/04/2018 13:26;ENTREGUE;MOIP CC 2x;Mobile;1;R$ 79,90;R$ 0,00;R$ 23,21;R$ 103,11
5544;07/04/2018 09:04;ENTREGUE;MOIP CC 2x;Mobile;4;R$ 169,60;R$ 0,00;R$ 21,00;R$ 190,60
5543;07/04/2018 08:48;ENTREGUE;MOIP Boleto;Desktop;2;R$ 157,80;R$ 0,00;R$ 64,75;R$ 222,55
5542;07/04/2018 08:37;ENTREGUE;MOIP CC 6x;Mobile;4;R$ 229,60;R$ 0,00;R$ 24,47;R$ 254,07
5541;07/04/2018 00:08;ENTREGUE;MOIP Boleto;Mobile;3;R$ 229,70;R$ 0,00;R$ 20,82;R$ 250,52
5539;06/04/2018 14:33;ENTREGUE;MOIP CC 6x;Desktop;1;R$ 39,90;R$ 0,00;R$ 23,21;R$ 63,11
5538;06/04/2018 12:56;ENTREGUE;MOIP CC 3x;Desktop;2;R$ 139,80;R$ 0,00;R$ 25,72;R$ 165,52
5537;06/04/2018 11:42;ENTREGUE;MOIP CC 4x;Mobile;2;R$ 167,80;R$ 0,00;R$ 26,99;R$ 194,79
5536;06/04/2018 10:08;ENTREGUE;MOIP Boleto;Desktop;4;R$ 219,60;R$ 0,00;R$ 26,99;R$ 246,59
5534;05/04/2018 22:13;ENTREGUE;MOIP CC 2x;Desktop;1;R$ 79,90;R$ 0,00;R$ 21,00;R$ 100,90
5533;05/04/2018 17:03;ENTREGUE;MOIP Boleto;Desktop;11;R$ 1.008,90;R$ 1.008,90;R$ 0,00;R$ 0,00
5532;05/04/2018 15:30;APROVADO CRÉDITO;MOIP Boleto;Desktop;2;R$ 89,80;R$ 89,80;R$ 0,00;R$ 0,00
5531;05/04/2018 10:27;ENTREGUE;MOIP Boleto;Desktop;5;R$ 219,50;R$ 0,00;R$ 29,22;R$ 248,72
5530;05/04/2018 10:04;ENTREGUE;MOIP Boleto;Desktop;2;R$ 139,80;R$ 0,00;R$ 21,00;R$ 160,80
5529;05/04/2018 09:56;ENTREGUE;MOIP Boleto;Mobile;1;R$ 69,90;R$ 0,00;R$ 18,79;R$ 88,69
5527;05/04/2018 09:47;ENTREGUE;MOIP CC 1x;Desktop;17;R$ 1.028,30;R$ 1.011,00;R$ 0,00;R$ 17,30
5526;05/04/2018 08:12;APROVADO CRÉDITO;MOIP CC 4x;Desktop;2;R$ 159,80;R$ 0,00;R$ 0,00;R$ 159,80
5524;04/04/2018 23:25;ENTREGUE;MOIP Boleto;Mobile;2;R$ 149,80;R$ 0,00;R$ 23,21;R$ 173,01
5523;04/04/2018 22:24;ENTREGUE;MOIP CC 6x;Desktop;8;R$ 504,20;R$ 0,00;R$ 35,08;R$ 539,28
5522;04/04/2018 17:47;ENTREGUE;MOIP CC 5x;Mobile;1;R$ 79,90;R$ 0,00;R$ 18,79;R$ 98,69
5521;04/04/2018 15:22;APROVADO CRÉDITO;MOIP Boleto;Desktop;3;R$ 89,70;R$ 89,70;R$ 0,00;R$ 0,00
5519;03/04/2018 23:39;ENTREGUE;MOIP CC 1x;Mobile;2;R$ 114,80;R$ 0,00;R$ 24,47;R$ 139,27
5518;03/04/2018 23:06;ENTREGUE;MOIP Boleto;Mobile;2;R$ 139,80;R$ 0,00;R$ 23,21;R$ 163,01
5517;03/04/2018 21:16;ENTREGUE;MOIP CC 3x;Mobile;1;R$ 79,90;R$ 0,00;R$ 23,21;R$ 103,11
5516;03/04/2018 20:22;ENTREGUE;MOIP CC 3x;Mobile;3;R$ 199,70;R$ 0,00;R$ 23,21;R$ 222,91
5515;03/04/2018 19:46;ENTREGUE;MOIP CC 1x;Desktop;2;R$ 99,80;R$ 4,99;R$ 18,79;R$ 113,60
5514;03/04/2018 17:26;ENTREGUE;MOIP Boleto;Desktop;2;R$ 159,80;R$ 0,00;R$ 57,11;R$ 216,91
5513;03/04/2018 16:54;ENTREGUE;MOIP CC 1x;Mobile;1;R$ 79,90;R$ 0,00;R$ 42,75;R$ 122,65
5511;03/04/2018 15:58;ENTREGUE;MOIP Boleto;Desktop;5;R$ 379,50;R$ 0,00;R$ 26,37;R$ 405,87
5510;03/04/2018 14:33;ENTREGUE;MOIP CC 6x;Mobile;6;R$ 379,40;R$ 0,00;R$ 0,00;R$ 379,40
5509;03/04/2018 13:34;ENTREGUE;MOIP Boleto;Mobile;4;R$ 264,60;R$ 90,36;R$ 5,87;R$ 180,11
5508;03/04/2018 13:34;ENTREGUE;MOIP Boleto;Mobile;3;R$ 229,70;R$ 0,00;R$ 16,92;R$ 246,62
5507;03/04/2018 12:45;ENTREGUE;MOIP CC 4x;Mobile;1;R$ 69,90;R$ 0,00;R$ 30,08;R$ 99,98
5506;03/04/2018 12:38;ENTREGUE;MOIP CC 1x;Mobile;1;R$ 69,90;R$ 0,00;R$ 34,77;R$ 104,67
5505;03/04/2018 12:34;APROVADO CRÉDITO;MOIP Boleto;Mobile;3;R$ 89,70;R$ 89,70;R$ 0,00;R$ 0,00
